<?xml version="1.0" encoding="UTF-8"?>
<con:soapui-project id="d710e652-6ced-4a6a-8855-ab70e51d4a27" activeEnvironment="Default" name="ManageUsers?wsdl" soapui-version="5.7.0" xmlns:con="http://eviware.com/soapui/config"><con:settings/><con:interface xsi:type="con:WsdlInterface" id="29af0ea6-8f22-4980-94dd-3ed24de57b1c" wsaVersion="NONE" name="ManageUsersPortBinding" type="wsdl" bindingName="{http://service/}ManageUsersPortBinding" soapVersion="1_1" anonymous="optional" definition="http://localhost:8585/ManageUsers?wsdl" xmlns:xsi="http://www.w3.org/2001/XMLSchema-instance"><con:settings/><con:definitionCache type="TEXT" rootPart="http://localhost:8585/ManageUsers?wsdl"><con:part><con:url>http://localhost:8585/ManageUsers?wsdl</con:url><con:content><![CDATA[<!--Published by JAX-WS RI (http://jax-ws.java.net). RI's version is JAX-WS RI 2.2.9-b130926.1035 svn-revision#5f6196f2b90e9460065a4c2f4e30e065b245e51e.-->
<!--Generated by JAX-WS RI (http://jax-ws.java.net). RI's version is JAX-WS RI 2.2.9-b130926.1035 svn-revision#5f6196f2b90e9460065a4c2f4e30e065b245e51e.-->
<definitions targetNamespace="http://service/" name="ManageUsersService" xmlns:wsu="http://docs.oasis-open.org/wss/2004/01/oasis-200401-wss-wssecurity-utility-1.0.xsd" xmlns:wsp="http://www.w3.org/ns/ws-policy" xmlns:wsp1_2="http://schemas.xmlsoap.org/ws/2004/09/policy" xmlns:wsam="http://www.w3.org/2007/05/addressing/metadata" xmlns:soap="http://schemas.xmlsoap.org/wsdl/soap/" xmlns:tns="http://service/" xmlns:xsd="http://www.w3.org/2001/XMLSchema" xmlns="http://schemas.xmlsoap.org/wsdl/">
  <types>
    <xsd:schema>
      <xsd:import namespace="http://service/" schemaLocation="http://localhost:8585/?xsd=1"/>
    </xsd:schema>
  </types>
  <message name="Modifier">
    <part name="parameters" element="tns:Modifier"/>
  </message>
  <message name="ModifierResponse">
    <part name="parameters" element="tns:ModifierResponse"/>
  </message>
  <message name="Supprimer">
    <part name="parameters" element="tns:Supprimer"/>
  </message>
  <message name="SupprimerResponse">
    <part name="parameters" element="tns:SupprimerResponse"/>
  </message>
  <message name="Ajouter">
    <part name="parameters" element="tns:Ajouter"/>
  </message>
  <message name="AjouterResponse">
    <part name="parameters" element="tns:AjouterResponse"/>
  </message>
  <portType name="ManageUsers">
    <operation name="Modifier">
      <input wsam:Action="http://service/ManageUsers/ModifierRequest" message="tns:Modifier"/>
      <output wsam:Action="http://service/ManageUsers/ModifierResponse" message="tns:ModifierResponse"/>
    </operation>
    <operation name="Supprimer">
      <input wsam:Action="http://service/ManageUsers/SupprimerRequest" message="tns:Supprimer"/>
      <output wsam:Action="http://service/ManageUsers/SupprimerResponse" message="tns:SupprimerResponse"/>
    </operation>
    <operation name="Ajouter">
      <input wsam:Action="http://service/ManageUsers/AjouterRequest" message="tns:Ajouter"/>
      <output wsam:Action="http://service/ManageUsers/AjouterResponse" message="tns:AjouterResponse"/>
    </operation>
  </portType>
  <binding name="ManageUsersPortBinding" type="tns:ManageUsers">
    <soap:binding transport="http://schemas.xmlsoap.org/soap/http" style="document"/>
    <operation name="Modifier">
      <soap:operation soapAction=""/>
      <input>
        <soap:body use="literal"/>
      </input>
      <output>
        <soap:body use="literal"/>
      </output>
    </operation>
    <operation name="Supprimer">
      <soap:operation soapAction=""/>
      <input>
        <soap:body use="literal"/>
      </input>
      <output>
        <soap:body use="literal"/>
      </output>
    </operation>
    <operation name="Ajouter">
      <soap:operation soapAction=""/>
      <input>
        <soap:body use="literal"/>
      </input>
      <output>
        <soap:body use="literal"/>
      </output>
    </operation>
  </binding>
  <service name="ManageUsersService">
    <port name="ManageUsersPort" binding="tns:ManageUsersPortBinding">
      <soap:address location="http://localhost:8585/"/>
    </port>
  </service>
</definitions>]]></con:content><con:type>http://schemas.xmlsoap.org/wsdl/</con:type></con:part><con:part><con:url>http://localhost:8585/?xsd=1</con:url><con:content><![CDATA[<!--Published by JAX-WS RI (http://jax-ws.java.net). RI's version is JAX-WS RI 2.2.9-b130926.1035 svn-revision#5f6196f2b90e9460065a4c2f4e30e065b245e51e.-->
<xs:schema version="1.0" targetNamespace="http://service/" xmlns:tns="http://service/" xmlns:xs="http://www.w3.org/2001/XMLSchema">
  <xs:element name="Ajouter" type="tns:Ajouter"/>
  <xs:element name="AjouterResponse" type="tns:AjouterResponse"/>
  <xs:element name="Modifier" type="tns:Modifier"/>
  <xs:element name="ModifierResponse" type="tns:ModifierResponse"/>
  <xs:element name="Supprimer" type="tns:Supprimer"/>
  <xs:element name="SupprimerResponse" type="tns:SupprimerResponse"/>
  <xs:complexType name="Supprimer">
    <xs:sequence>
      <xs:element name="id" type="xs:int"/>
      <xs:element name="login" type="xs:string" minOccurs="0"/>
      <xs:element name="motdepasse" type="xs:string" minOccurs="0"/>
      <xs:element name="email" type="xs:string" minOccurs="0"/>
      <xs:element name="typeUser" type="xs:string" minOccurs="0"/>
    </xs:sequence>
  </xs:complexType>
  <xs:complexType name="SupprimerResponse">
    <xs:sequence>
      <xs:element name="return" type="xs:string" minOccurs="0"/>
    </xs:sequence>
  </xs:complexType>
  <xs:complexType name="Ajouter">
    <xs:sequence>
      <xs:element name="login" type="xs:string" minOccurs="0"/>
      <xs:element name="motdepasse" type="xs:string" minOccurs="0"/>
      <xs:element name="email" type="xs:string" minOccurs="0"/>
      <xs:element name="typeUser" type="xs:string" minOccurs="0"/>
    </xs:sequence>
  </xs:complexType>
  <xs:complexType name="AjouterResponse">
    <xs:sequence>
      <xs:element name="return" type="xs:string" minOccurs="0"/>
    </xs:sequence>
  </xs:complexType>
  <xs:complexType name="Modifier">
    <xs:sequence>
      <xs:element name="id" type="xs:int"/>
      <xs:element name="login" type="xs:string" minOccurs="0"/>
      <xs:element name="motdepasse" type="xs:string" minOccurs="0"/>
      <xs:element name="email" type="xs:string" minOccurs="0"/>
      <xs:element name="typeUser" type="xs:string" minOccurs="0"/>
    </xs:sequence>
  </xs:complexType>
  <xs:complexType name="ModifierResponse">
    <xs:sequence>
      <xs:element name="return" type="xs:string" minOccurs="0"/>
    </xs:sequence>
  </xs:complexType>
</xs:schema>]]></con:content><con:type>http://www.w3.org/2001/XMLSchema</con:type></con:part></con:definitionCache><con:endpoints><con:endpoint>http://localhost:8585/</con:endpoint></con:endpoints><con:operation id="711c1550-fafb-42c6-b86b-1645f4ef324c" isOneWay="false" action="" name="Ajouter" bindingOperationName="Ajouter" type="Request-Response" inputName="" receivesAttachments="false" sendsAttachments="false" anonymous="optional"><con:settings/><con:call id="dfde7561-36a5-4231-80f6-0ccd176c146d" name="Request 1"><con:settings><con:setting id="com.eviware.soapui.impl.wsdl.WsdlRequest@request-headers">&lt;xml-fragment/></con:setting></con:settings><con:encoding>UTF-8</con:encoding><con:endpoint>http://localhost:8585/</con:endpoint><con:request><![CDATA[<soapenv:Envelope xmlns:soapenv="http://schemas.xmlsoap.org/soap/envelope/" xmlns:ser="http://service/">\r
   <soapenv:Header/>\r
   <soapenv:Body>\r
      <ser:Ajouter>\r
         <!--Optional:-->\r
         <login>Yacine</login>\r
         <!--Optional:-->\r
         <motdepasse>Ndiaye</motdepasse>\r
         <!--Optional:-->\r
         <email>yacine@gmail.com</email>\r
         <!--Optional:-->\r
         <typeUser>Editeur</typeUser>\r
      </ser:Ajouter>\r
   </soapenv:Body>\r
</soapenv:Envelope>]]></con:request><con:credentials><con:authType>No Authorization</con:authType></con:credentials><con:jmsConfig JMSDeliveryMode="PERSISTENT"/><con:jmsPropertyConfig/><con:wsaConfig mustUnderstand="NONE" version="200508" action="http://service/ManageUsers/AjouterRequest"/><con:wsrmConfig version="1.2"/></con:call></con:operation><con:operation id="5e041c6c-802b-4229-9b79-debb8e6581a0" isOneWay="false" action="" name="Modifier" bindingOperationName="Modifier" type="Request-Response" inputName="" receivesAttachments="false" sendsAttachments="false" anonymous="optional"><con:settings/><con:call id="c0af2af3-3fd3-4ddd-b192-1acac4bf2834" name="Request 1"><con:settings><con:setting id="com.eviware.soapui.impl.wsdl.WsdlRequest@request-headers">&lt;xml-fragment/></con:setting></con:settings><con:encoding>UTF-8</con:encoding><con:endpoint>http://localhost:8585/</con:endpoint><con:request><![CDATA[<soapenv:Envelope xmlns:soapenv="http://schemas.xmlsoap.org/soap/envelope/" xmlns:ser="http://service/">\r
   <soapenv:Header/>\r
   <soapenv:Body>\r
      <ser:Modifier>\r
         <id>1</id>\r
         <!--Optional:-->\r
         <login>Becky</login>\r
         <!--Optional:-->\r
         <motdepasse>1234</motdepasse>\r
         <!--Optional:-->\r
         <email>rkn@gmail.com</email>\r
         <!--Optional:-->\r
         <typeUser>?</typeUser>\r
      </ser:Modifier>\r
   </soapenv:Body>\r
</soapenv:Envelope>]]></con:request><con:credentials><con:authType>No Authorization</con:authType></con:credentials><con:jmsConfig JMSDeliveryMode="PERSISTENT"/><con:jmsPropertyConfig/><con:wsaConfig mustUnderstand="NONE" version="200508" action="http://service/ManageUsers/ModifierRequest"/><con:wsrmConfig version="1.2"/></con:call></con:operation><con:operation id="fd9e6056-36af-46a5-bc34-7e80d64736b0" isOneWay="false" action="" name="Supprimer" bindingOperationName="Supprimer" type="Request-Response" inputName="" receivesAttachments="false" sendsAttachments="false" anonymous="optional"><con:settings/><con:call id="c5742121-93a7-4c3f-a4e6-43c3b5d31206" name="Request 1"><con:settings><con:setting id="com.eviware.soapui.impl.wsdl.WsdlRequest@request-headers">&lt;xml-fragment/></con:setting></con:settings><con:encoding>UTF-8</con:encoding><con:endpoint>http://localhost:8585/</con:endpoint><con:request><![CDATA[<soapenv:Envelope xmlns:soapenv="http://schemas.xmlsoap.org/soap/envelope/" xmlns:ser="http://service/">\r
   <soapenv:Header/>\r
   <soapenv:Body>\r
      <ser:Supprimer>\r
         <id>1</id>\r
         <!--Optional:-->\r
         <login>?</login>\r
         <!--Optional:-->\r
         <motdepasse>?</motdepasse>\r
         <!--Optional:-->\r
         <email>?</email>\r
         <!--Optional:-->\r
         <typeUser>?</typeUser>\r
      </ser:Supprimer>\r
   </soapenv:Body>\r
</soapenv:Envelope>]]></con:request><con:credentials><con:authType>No Authorization</con:authType></con:credentials><con:jmsConfig JMSDeliveryMode="PERSISTENT"/><con:jmsPropertyConfig/><con:wsaConfig mustUnderstand="NONE" version="200508" action="http://service/ManageUsers/SupprimerRequest"/><con:wsrmConfig version="1.2"/></con:call></con:operation></con:interface><con:properties/><con:wssContainer/><con:oAuth2ProfileContainer/><con:oAuth1ProfileContainer/><con:sensitiveInformation/></con:soapui-project>